{
    "name": "root",
    "gauges": {
        "HeadMotion.Policy.Entropy.mean": {
            "value": 0.13841208815574646,
            "min": 0.13841208815574646,
            "max": 0.16662317514419556,
            "count": 10
        },
        "HeadMotion.Policy.Entropy.sum": {
            "value": 6919.4970703125,
            "min": 6919.4970703125,
            "max": 8331.8251953125,
            "count": 10
        },
        "HeadMotion.Environment.EpisodeLength.mean": {
            "value": 2.3328,
            "min": 2.3328,
            "max": 2.3336,
            "count": 10
        },
        "HeadMotion.Environment.EpisodeLength.sum": {
            "value": 34992.0,
            "min": 34992.0,
            "max": 35004.0,
            "count": 10
        },
        "HeadMotion.Step.mean": {
            "value": 499998.0,
            "min": 49998.0,
            "max": 499998.0,
            "count": 10
        },
        "HeadMotion.Step.sum": {
            "value": 499998.0,
            "min": 49998.0,
            "max": 499998.0,
            "count": 10
        },
        "HeadMotion.Policy.ExtrinsicValueEstimate.mean": {
            "value": -0.27305904030799866,
            "min": -0.35479819774627686,
            "max": -0.06321806460618973,
            "count": 10
        },
        "HeadMotion.Policy.ExtrinsicValueEstimate.sum": {
            "value": -4096.431640625,
            "min": -5321.6181640625,
            "max": -948.14453125,
            "count": 10
        },
        "HeadMotion.Environment.CumulativeReward.mean": {
            "value": -0.2462498133853346,
            "min": -0.4155070698851784,
            "max": -0.2424799546106722,
            "count": 10
        },
        "HeadMotion.Environment.CumulativeReward.sum": {
            "value": -3694.23970040679,
            "min": -6232.19054120779,
            "max": -3637.6842790693045,
            "count": 10
        },
        "HeadMotion.Policy.ExtrinsicReward.mean": {
            "value": -0.2462498133853346,
            "min": -0.4155070698851784,
            "max": -0.2424799546106722,
            "count": 10
        },
        "HeadMotion.Policy.ExtrinsicReward.sum": {
            "value": -3694.23970040679,
            "min": -6232.19054120779,
            "max": -3637.6842790693045,
            "count": 10
        },
        "HeadMotion.Losses.PolicyLoss.mean": {
            "value": 0.022636236655525863,
            "min": 0.02132700959375749,
            "max": 0.026576009128863615,
            "count": 10
        },
        "HeadMotion.Losses.PolicyLoss.sum": {
            "value": 0.11318118327762931,
            "min": 0.0892196181928739,
            "max": 0.13288004564431807,
            "count": 10
        },
        "HeadMotion.Losses.ValueLoss.mean": {
            "value": 0.4048871864875158,
            "min": 0.4048871864875158,
            "max": 0.9135741271078587,
            "count": 10
        },
        "HeadMotion.Losses.ValueLoss.sum": {
            "value": 2.024435932437579,
            "min": 1.7193932056427004,
            "max": 3.6542965084314347,
            "count": 10
        },
        "HeadMotion.Policy.LearningRate.mean": {
            "value": 1.681401439536e-05,
            "min": 1.681401439536e-05,
            "max": 0.0002846046051318,
            "count": 10
        },
        "HeadMotion.Policy.LearningRate.sum": {
            "value": 8.407007197680001e-05,
            "min": 8.407007197680001e-05,
            "max": 0.0012844824718391999,
            "count": 10
        },
        "HeadMotion.Policy.Epsilon.mean": {
            "value": 0.10560464,
            "min": 0.10560464,
            "max": 0.1948682,
            "count": 10
        },
        "HeadMotion.Policy.Epsilon.sum": {
            "value": 0.5280232,
            "min": 0.5003936,
            "max": 0.9281607999999999,
            "count": 10
        },
        "HeadMotion.Policy.Beta.mean": {
            "value": 0.00028967153599999994,
            "min": 0.00028967153599999994,
            "max": 0.004743923179999999,
            "count": 10
        },
        "HeadMotion.Policy.Beta.sum": {
            "value": 0.0014483576799999998,
            "min": 0.0014483576799999998,
            "max": 0.02141522392,
            "count": 10
        },
        "HeadMotion.IsTraining.mean": {
            "value": 1.0,
            "min": 1.0,
            "max": 1.0,
            "count": 10
        },
        "HeadMotion.IsTraining.sum": {
            "value": 1.0,
            "min": 1.0,
            "max": 1.0,
            "count": 10
        }
    },
    "metadata": {
        "timer_format_version": "0.1.0",
        "start_time_seconds": "1620232643",
        "python_version": "3.7.5 (tags/v3.7.5:5c02a39a0b, Oct 15 2019, 00:11:34) [MSC v.1916 64 bit (AMD64)]",
        "command_line_arguments": "C:\\Users\\joemi\\Documents\\Unity Projects\\Dog Trainer\\dogtrainer\\venv\\Scripts\\mlagents-learn --initialize-from=DogVision_S1_V7 --run-id=DogVision_S1_V8",
        "mlagents_version": "0.26.0",
        "mlagents_envs_version": "0.26.0",
        "communication_protocol_version": "1.5.0",
        "pytorch_version": "1.7.1+cu110",
        "numpy_version": "1.20.2",
        "end_time_seconds": "1620233506"
    },
    "total": 862.9781325,
    "count": 1,
    "self": 0.008187300000031428,
    "children": {
        "run_training.setup": {
            "total": 0.10057280000000002,
            "count": 1,
            "self": 0.10057280000000002
        },
        "TrainerController.start_learning": {
            "total": 862.8693724,
            "count": 1,
            "self": 1.0083858999771564,
            "children": {
                "TrainerController._reset_env": {
                    "total": 18.3858718,
                    "count": 1,
                    "self": 18.3858718
                },
                "TrainerController.advance": {
                    "total": 843.4377857000228,
                    "count": 54166,
                    "self": 1.0115544000158252,
                    "children": {
                        "env_step": {
                            "total": 432.3412645000038,
                            "count": 54166,
                            "self": 380.1399280999915,
                            "children": {
                                "SubprocessEnvManager._take_step": {
                                    "total": 51.570864200008955,
                                    "count": 54166,
                                    "self": 2.4765675000156904,
                                    "children": {
                                        "TorchPolicy.evaluate": {
                                            "total": 49.094296699993265,
                                            "count": 41667,
                                            "self": 17.95516749999268,
                                            "children": {
                                                "TorchPolicy.sample_actions": {
                                                    "total": 31.139129200000585,
                                                    "count": 41667,
                                                    "self": 31.139129200000585
                                                }
                                            }
                                        }
                                    }
                                },
                                "workers": {
                                    "total": 0.6304722000033323,
                                    "count": 54166,
                                    "self": 0.0,
                                    "children": {
                                        "worker_root": {
                                            "total": 844.2974802999962,
                                            "count": 54166,
                                            "is_parallel": true,