{
    "name": "root",
    "gauges": {
        "HeadMotion.Policy.Entropy.mean": {
            "value": 0.876431405544281,
            "min": 0.876431405544281,
            "max": 0.9163702130317688,
            "count": 10
        },
        "HeadMotion.Policy.Entropy.sum": {
            "value": 43898.6953125,
            "min": 43875.75390625,
            "max": 45932.140625,
            "count": 10
        },
        "HeadMotion.Environment.EpisodeLength.mean": {
            "value": 18.993202718912436,
            "min": 14.778864353312303,
            "max": 19.0,
            "count": 10
        },
        "HeadMotion.Environment.EpisodeLength.sum": {
            "value": 47502.0,
            "min": 46849.0,
            "max": 47531.0,
            "count": 10
        },
        "HeadMotion.Step.mean": {
            "value": 499985.0,
            "min": 49999.0,
            "max": 499985.0,
            "count": 10
        },
        "HeadMotion.Step.sum": {
            "value": 499985.0,
            "min": 49999.0,
            "max": 499985.0,
            "count": 10
        },
        "HeadMotion.Policy.ExtrinsicValueEstimate.mean": {
            "value": -2.232494592666626,
            "min": -22.382034301757812,
            "max": -2.232494592666626,
            "count": 10
        },
        "HeadMotion.Policy.ExtrinsicValueEstimate.sum": {
            "value": -5583.46875,
            "min": -62923.5859375,
            "max": -5583.46875,
            "count": 10
        },
        "HeadMotion.Environment.CumulativeReward.mean": {
            "value": -0.001502413301170468,
            "min": -27.877370853084013,
            "max": -0.001502413301170468,
            "count": 10
        },
        "HeadMotion.Environment.CumulativeReward.sum": {
            "value": -3.7575356662273407,
            "min": -88343.38823342323,
            "max": -3.7575356662273407,
            "count": 10
        },
        "HeadMotion.Policy.ExtrinsicReward.mean": {
            "value": -0.001502413301170468,
            "min": -27.877370853084013,
            "max": -0.001502413301170468,
            "count": 10
        },
        "HeadMotion.Policy.ExtrinsicReward.sum": {
            "value": -3.7575356662273407,
            "min": -88343.38823342323,
            "max": -3.7575356662273407,
            "count": 10
        },
        "HeadMotion.Losses.PolicyLoss.mean": {
            "value": 0.026330539692814153,
            "min": 0.02202028944157064,
            "max": 0.026330539692814153,
            "count": 10
        },
        "HeadMotion.Losses.PolicyLoss.sum": {
            "value": 0.13165269846407077,
            "min": 0.08842655670984338,
            "max": 0.13165269846407077,
            "count": 10
        },
        "HeadMotion.Losses.ValueLoss.mean": {
            "value": 9.065934565862019,
            "min": 7.257751083374023,
            "max": 568.8453201293945,
            "count": 10
        },
        "HeadMotion.Losses.ValueLoss.sum": {
            "value": 45.3296728293101,
            "min": 32.115618562698366,
            "max": 2275.381280517578,
            "count": 10
        },
        "HeadMotion.Policy.LearningRate.mean": {
            "value": 1.591089469639999e-05,
            "min": 1.591089469639999e-05,
            "max": 0.00028457085514305,
            "count": 10
        },
        "HeadMotion.Policy.LearningRate.sum": {
            "value": 7.955447348199995e-05,
            "min": 7.955447348199995e-05,
            "max": 0.0012841014719662,
            "count": 10
        },
        "HeadMotion.Policy.Epsilon.mean": {
            "value": 0.10530360000000001,
            "min": 0.10530360000000001,
            "max": 0.19485695000000003,
            "count": 10
        },
        "HeadMotion.Policy.Epsilon.sum": {
            "value": 0.526518,
            "min": 0.49964400000000003,
            "max": 0.9280338000000004,
            "count": 10
        },
        "HeadMotion.Policy.Beta.mean": {
            "value": 0.00027464963999999985,
            "min": 0.00027464963999999985,
            "max": 0.0047433618050000004,
            "count": 10
        },
        "HeadMotion.Policy.Beta.sum": {
            "value": 0.0013732481999999993,
            "min": 0.0013732481999999993,
            "max": 0.021408886619999998,
            "count": 10
        },
        "HeadMotion.IsTraining.mean": {
            "value": 1.0,
            "min": 1.0,
            "max": 1.0,
            "count": 10
        },
        "HeadMotion.IsTraining.sum": {
            "value": 1.0,
            "min": 1.0,
            "max": 1.0,
            "count": 10
        }
    },
    "metadata": {
        "timer_format_version": "0.1.0",
        "start_time_seconds": "1620061417",
        "python_version": "3.7.5 (tags/v3.7.5:5c02a39a0b, Oct 15 2019, 00:11:34) [MSC v.1916 64 bit (AMD64)]",
        "command_line_arguments": "C:\\Users\\joemi\\Documents\\Unity Projects\\Dog Trainer\\dogtrainer\\venv\\Scripts\\mlagents-learn --initialize-from=HeadMotionV13_Stabliser --run-id=HeadMotionP2_V1",
        "mlagents_version": "0.26.0",
        "mlagents_envs_version": "0.26.0",
        "communication_protocol_version": "1.5.0",
        "pytorch_version": "1.7.1+cu110",
        "numpy_version": "1.20.2",
        "end_time_seconds": "1620061881"
    },
    "total": 464.3738743,
    "count": 1,
    "self": 0.00787150000002157,
    "children": {
        "run_training.setup": {
            "total": 0.09589219999999998,
            "count": 1,
            "self": 0.09589219999999998
        },
        "TrainerController.start_learning": {
            "total": 464.2701106,
            "count": 1,
            "self": 0.8827780999995412,
            "children": {
                "TrainerController._reset_env": {
                    "total": 6.7284507,
                    "count": 1,
                    "self": 6.7284507
                },
                "TrainerController.advance": {
                    "total": 456.6197088000004,
                    "count": 51315,
                    "self": 0.9227873999960252,
                    "children": {
                        "env_step": {
                            "total": 337.1948881000031,
                            "count": 51315,
                            "self": 287.0302238000015,
                            "children": {
                                "SubprocessEnvManager._take_step": {
                                    "total": 49.59747250000218,
                                    "count": 51315,
                                    "self": 2.280149299997092,
                                    "children": {
                                        "TorchPolicy.evaluate": {
                                            "total": 47.31732320000509,
                                            "count": 41681,
                                            "self": 18.21681660000484,
                                            "children": {
                                                "TorchPolicy.sample_actions": {
                                                    "total": 29.10050660000025,
                                                    "count": 41681,
                                                    "self": 29.10050660000025
                                                }
                                            }
                                        }
                                    }
                                },
                                "workers": {
                                    "total": 0.5671917999993727,
                                    "count": 51315,
                                    "self": 0.0,
                                    "children": {
                                        "worker_root": {
                                            "total": 457.39979199999607,
                                            "count": 51315,