{
    "name": "root",
    "gauges": {
        "HeadMotion.Policy.Entropy.mean": {
            "value": 1.1029784679412842,
            "min": 1.1029784679412842,
            "max": 1.1274280548095703,
            "count": 10
        },
        "HeadMotion.Policy.Entropy.sum": {
            "value": 55140.09765625,
            "min": 55140.09765625,
            "max": 56375.9140625,
            "count": 10
        },
        "HeadMotion.Environment.EpisodeLength.mean": {
            "value": 2.3392558947298108,
            "min": 2.3374724614460245,
            "max": 2.342066568640556,
            "count": 10
        },
        "HeadMotion.Environment.EpisodeLength.sum": {
            "value": 35021.0,
            "min": 35013.0,
            "max": 35042.0,
            "count": 10
        },
        "HeadMotion.Step.mean": {
            "value": 499998.0,
            "min": 49998.0,
            "max": 499998.0,
            "count": 10
        },
        "HeadMotion.Step.sum": {
            "value": 499998.0,
            "min": 49998.0,
            "max": 499998.0,
            "count": 10
        },
        "HeadMotion.Policy.ExtrinsicValueEstimate.mean": {
            "value": 0.11228883266448975,
            "min": 0.05563505366444588,
            "max": 0.12625457346439362,
            "count": 10
        },
        "HeadMotion.Policy.ExtrinsicValueEstimate.sum": {
            "value": 1681.3006591796875,
            "min": 832.7454833984375,
            "max": 1889.778564453125,
            "count": 10
        },
        "HeadMotion.Environment.CumulativeReward.mean": {
            "value": 0.10615775061777867,
            "min": 0.1013951004605834,
            "max": 0.12015633351149119,
            "count": 10
        },
        "HeadMotion.Environment.CumulativeReward.sum": {
            "value": 1589.5,
            "min": 1519.0,
            "max": 1798.5,
            "count": 10
        },
        "HeadMotion.Policy.ExtrinsicReward.mean": {
            "value": 0.10615775061777867,
            "min": 0.1013951004605834,
            "max": 0.12015633351149119,
            "count": 10
        },
        "HeadMotion.Policy.ExtrinsicReward.sum": {
            "value": 1589.5,
            "min": 1519.0,
            "max": 1798.5,
            "count": 10
        },
        "HeadMotion.Losses.PolicyLoss.mean": {
            "value": 0.02385817957110703,
            "min": 0.022444966748977703,
            "max": 0.025729694940770664,
            "count": 10
        },
        "HeadMotion.Losses.PolicyLoss.sum": {
            "value": 0.11929089785553515,
            "min": 0.09005726637939612,
            "max": 0.12864847470385332,
            "count": 10
        },
        "HeadMotion.Losses.ValueLoss.mean": {
            "value": 0.3420924114187559,
            "min": 0.3088549916942914,
            "max": 0.36244240825374924,
            "count": 10
        },
        "HeadMotion.Losses.ValueLoss.sum": {
            "value": 1.7104620570937794,
            "min": 1.3637830232580503,
            "max": 1.7820018872618675,
            "count": 10
        },
        "HeadMotion.Policy.LearningRate.mean": {
            "value": 1.681401439536e-05,
            "min": 1.681401439536e-05,
            "max": 0.0002846046051318,
            "count": 10
        },
        "HeadMotion.Policy.LearningRate.sum": {
            "value": 8.407007197680001e-05,
            "min": 8.407007197680001e-05,
            "max": 0.0012844824718391999,
            "count": 10
        },
        "HeadMotion.Policy.Epsilon.mean": {
            "value": 0.10560464,
            "min": 0.10560464,
            "max": 0.1948682,
            "count": 10
        },
        "HeadMotion.Policy.Epsilon.sum": {
            "value": 0.5280232,
            "min": 0.5003936,
            "max": 0.9281607999999999,
            "count": 10
        },
        "HeadMotion.Policy.Beta.mean": {
            "value": 0.00028967153599999994,
            "min": 0.00028967153599999994,
            "max": 0.004743923179999999,
            "count": 10
        },
        "HeadMotion.Policy.Beta.sum": {
            "value": 0.0014483576799999998,
            "min": 0.0014483576799999998,
            "max": 0.02141522392,
            "count": 10
        },
        "HeadMotion.IsTraining.mean": {
            "value": 1.0,
            "min": 1.0,
            "max": 1.0,
            "count": 10
        },
        "HeadMotion.IsTraining.sum": {
            "value": 1.0,
            "min": 1.0,
            "max": 1.0,
            "count": 10
        }
    },
    "metadata": {
        "timer_format_version": "0.1.0",
        "start_time_seconds": "1620763339",
        "python_version": "3.7.5 (tags/v3.7.5:5c02a39a0b, Oct 15 2019, 00:11:34) [MSC v.1916 64 bit (AMD64)]",
        "command_line_arguments": "C:\\Users\\joemi\\Documents\\Unity Projects\\Dog Trainer\\dogtrainer\\venv\\Scripts\\mlagents-learn --initialize-from=DogVision_S1_V8_2 --run-id=DogVision_S1_V9_2",
        "mlagents_version": "0.26.0",
        "mlagents_envs_version": "0.26.0",
        "communication_protocol_version": "1.5.0",
        "pytorch_version": "1.7.1+cu110",
        "numpy_version": "1.20.2",
        "end_time_seconds": "1620764120"
    },
    "total": 780.8708215,
    "count": 1,
    "self": 0.009874800000147843,
    "children": {
        "run_training.setup": {
            "total": 0.092507,
            "count": 1,
            "self": 0.092507
        },
        "TrainerController.start_learning": {
            "total": 780.7684396999999,
            "count": 1,
            "self": 1.0118974000039316,
            "children": {
                "TrainerController._reset_env": {
                    "total": 7.573692,
                    "count": 1,
                    "self": 7.573692
                },
                "TrainerController.advance": {
                    "total": 772.1469854999958,
                    "count": 54166,
                    "self": 1.0470570999917754,
                    "children": {
                        "env_step": {
                            "total": 482.7982881000042,
                            "count": 54166,
                            "self": 428.5283209000156,
                            "children": {
                                "SubprocessEnvManager._take_step": {
                                    "total": 53.62922429999373,
                                    "count": 54166,
                                    "self": 2.46739519999133,
                                    "children": {
                                        "TorchPolicy.evaluate": {
                                            "total": 51.1618291000024,
                                            "count": 41667,
                                            "self": 19.939330299994676,
                                            "children": {
                                                "TorchPolicy.sample_actions": {
                                                    "total": 31.222498800007724,
                                                    "count": 41667,
                                                    "self": 31.222498800007724
                                                }
                                            }
                                        }
                                    }
                                },
                                "workers": {
                                    "total": 0.6407428999948639,
                                    "count": 54166,
                                    "self": 0.0,
                                    "children": {
                                        "worker_root": {
                                            "total": 772.9093079999973,
                                            "count": 54166,
                                            "is_parallel": true,