{
    "name": "root",
    "gauges": {
        "HeadMotion.Policy.Entropy.mean": {
            "value": 1.3445254564285278,
            "min": 1.3445254564285278,
            "max": 1.3785502910614014,
            "count": 10
        },
        "HeadMotion.Policy.Entropy.sum": {
            "value": 67215.515625,
            "min": 67215.515625,
            "max": 68933.03125,
            "count": 10
        },
        "HeadMotion.Environment.EpisodeLength.mean": {
            "value": 2.3328,
            "min": 2.3328,
            "max": 2.3336,
            "count": 10
        },
        "HeadMotion.Environment.EpisodeLength.sum": {
            "value": 34992.0,
            "min": 34992.0,
            "max": 35004.0,
            "count": 10
        },
        "HeadMotion.Step.mean": {
            "value": 499998.0,
            "min": 49998.0,
            "max": 499998.0,
            "count": 10
        },
        "HeadMotion.Step.sum": {
            "value": 499998.0,
            "min": 49998.0,
            "max": 499998.0,
            "count": 10
        },
        "HeadMotion.Policy.ExtrinsicValueEstimate.mean": {
            "value": -3.798187255859375,
            "min": -4.7034173011779785,
            "max": -3.798187255859375,
            "count": 10
        },
        "HeadMotion.Policy.ExtrinsicValueEstimate.sum": {
            "value": -56980.40625,
            "min": -70546.5546875,
            "max": -56980.40625,
            "count": 10
        },
        "HeadMotion.Environment.CumulativeReward.mean": {
            "value": -3.812106040205944,
            "min": -5.024331155763513,
            "max": -3.812106040205944,
            "count": 10
        },
        "HeadMotion.Environment.CumulativeReward.sum": {
            "value": -57189.21481516957,
            "min": -75354.91867414117,
            "max": -57189.21481516957,
            "count": 10
        },
        "HeadMotion.Policy.ExtrinsicReward.mean": {
            "value": -3.812106040205944,
            "min": -5.024331155763513,
            "max": -3.812106040205944,
            "count": 10
        },
        "HeadMotion.Policy.ExtrinsicReward.sum": {
            "value": -57189.21481516957,
            "min": -75354.91867414117,
            "max": -57189.21481516957,
            "count": 10
        },
        "HeadMotion.Losses.PolicyLoss.mean": {
            "value": 0.025824234543057777,
            "min": 0.01997659512174626,
            "max": 0.02595841202574472,
            "count": 10
        },
        "HeadMotion.Losses.PolicyLoss.sum": {
            "value": 0.1291211727152889,
            "min": 0.08645841910814246,
            "max": 0.1297920601287236,
            "count": 10
        },
        "HeadMotion.Losses.ValueLoss.mean": {
            "value": 32.789223976135254,
            "min": 32.572679875691726,
            "max": 40.792005125681555,
            "count": 10
        },
        "HeadMotion.Losses.ValueLoss.sum": {
            "value": 163.94611988067626,
            "min": 141.15989303588867,
            "max": 193.71010977427164,
            "count": 10
        },
        "HeadMotion.Policy.LearningRate.mean": {
            "value": 1.681401439536e-05,
            "min": 1.681401439536e-05,
            "max": 0.0002846046051318,
            "count": 10
        },
        "HeadMotion.Policy.LearningRate.sum": {
            "value": 8.407007197680001e-05,
            "min": 8.407007197680001e-05,
            "max": 0.0012844824718391999,
            "count": 10
        },
        "HeadMotion.Policy.Epsilon.mean": {
            "value": 0.10560464,
            "min": 0.10560464,
            "max": 0.1948682,
            "count": 10
        },
        "HeadMotion.Policy.Epsilon.sum": {
            "value": 0.5280232,
            "min": 0.5003936,
            "max": 0.9281607999999999,
            "count": 10
        },
        "HeadMotion.Policy.Beta.mean": {
            "value": 0.00028967153599999994,
            "min": 0.00028967153599999994,
            "max": 0.004743923179999999,
            "count": 10
        },
        "HeadMotion.Policy.Beta.sum": {
            "value": 0.0014483576799999998,
            "min": 0.0014483576799999998,
            "max": 0.02141522392,
            "count": 10
        },
        "HeadMotion.IsTraining.mean": {
            "value": 1.0,
            "min": 1.0,
            "max": 1.0,
            "count": 10
        },
        "HeadMotion.IsTraining.sum": {
            "value": 1.0,
            "min": 1.0,
            "max": 1.0,
            "count": 10
        }
    },
    "metadata": {
        "timer_format_version": "0.1.0",
        "start_time_seconds": "1620157289",
        "python_version": "3.7.5 (tags/v3.7.5:5c02a39a0b, Oct 15 2019, 00:11:34) [MSC v.1916 64 bit (AMD64)]",
        "command_line_arguments": "C:\\Users\\joemi\\Documents\\Unity Projects\\Dog Trainer\\dogtrainer\\venv\\Scripts\\mlagents-learn --initialize-from=DogVisionV3 --run-id=DogVisionV4",
        "mlagents_version": "0.26.0",
        "mlagents_envs_version": "0.26.0",
        "communication_protocol_version": "1.5.0",
        "pytorch_version": "1.7.1+cu110",
        "numpy_version": "1.20.2",
        "end_time_seconds": "1620158049"
    },
    "total": 760.4255584,
    "count": 1,
    "self": 0.009398799999985386,
    "children": {
        "run_training.setup": {
            "total": 0.0879278,
            "count": 1,
            "self": 0.0879278
        },
        "TrainerController.start_learning": {
            "total": 760.3282318,
            "count": 1,
            "self": 0.9267674000050192,
            "children": {
                "TrainerController._reset_env": {
                    "total": 6.3056594,
                    "count": 1,
                    "self": 6.3056594
                },
                "TrainerController.advance": {
                    "total": 753.0589879999951,
                    "count": 54166,
                    "self": 0.90454059999945,
                    "children": {
                        "env_step": {
                            "total": 373.4401378000039,
                            "count": 54166,
                            "self": 326.55794730000673,
                            "children": {
                                "SubprocessEnvManager._take_step": {
                                    "total": 46.32739669999905,
                                    "count": 54166,
                                    "self": 2.139628899998243,
                                    "children": {
                                        "TorchPolicy.evaluate": {
                                            "total": 44.187767800000806,
                                            "count": 41667,
                                            "self": 15.881390200002663,
                                            "children": {
                                                "TorchPolicy.sample_actions": {
                                                    "total": 28.306377599998143,
                                                    "count": 41667,
                                                    "self": 28.306377599998143
                                                }
                                            }
                                        }
                                    }
                                },
                                "workers": {
                                    "total": 0.5547937999981549,
                                    "count": 54166,
                                    "self": 0.0,
                                    "children": {
                                        "worker_root": {
                                            "total": 753.8772987000057,
                                            "count": 54166,
                                            "is_parallel": true,