{
    "name": "root",
    "gauges": {
        "HeadMotion.Policy.Entropy.mean": {
            "value": 0.06544985622167587,
            "min": 0.06544985622167587,
            "max": 0.1438164860010147,
            "count": 10
        },
        "HeadMotion.Policy.Entropy.sum": {
            "value": 3272.754638671875,
            "min": 3272.754638671875,
            "max": 7203.48046875,
            "count": 10
        },
        "HeadMotion.Environment.EpisodeLength.mean": {
            "value": 4.830164469847195,
            "min": 4.830164469847195,
            "max": 5.880539499036609,
            "count": 10
        },
        "HeadMotion.Environment.EpisodeLength.sum": {
            "value": 41409.0,
            "min": 41409.0,
            "max": 42728.0,
            "count": 10
        },
        "HeadMotion.Step.mean": {
            "value": 499996.0,
            "min": 49994.0,
            "max": 499996.0,
            "count": 10
        },
        "HeadMotion.Step.sum": {
            "value": 499996.0,
            "min": 49994.0,
            "max": 499996.0,
            "count": 10
        },
        "HeadMotion.Policy.ExtrinsicValueEstimate.mean": {
            "value": 1.8402588367462158,
            "min": -0.1492842584848404,
            "max": 2.0208606719970703,
            "count": 10
        },
        "HeadMotion.Policy.ExtrinsicValueEstimate.sum": {
            "value": 15787.5810546875,
            "min": -1093.35791015625,
            "max": 16835.791015625,
            "count": 10
        },
        "HeadMotion.Environment.CumulativeReward.mean": {
            "value": 2.7705230066507816,
            "min": 0.5548481561125529,
            "max": 3.1011226499593154,
            "count": 10
        },
        "HeadMotion.Environment.CumulativeReward.sum": {
            "value": 23768.316874057055,
            "min": 4063.7078953683376,
            "max": 25463.318078815937,
            "count": 10
        },
        "HeadMotion.Policy.ExtrinsicReward.mean": {
            "value": 2.7705230066507816,
            "min": 0.5548481561125529,
            "max": 3.1011226499593154,
            "count": 10
        },
        "HeadMotion.Policy.ExtrinsicReward.sum": {
            "value": 23768.316874057055,
            "min": 4063.7078953683376,
            "max": 25463.318078815937,
            "count": 10
        },
        "HeadMotion.Losses.PolicyLoss.mean": {
            "value": 0.023852382553741332,
            "min": 0.020797872959325715,
            "max": 0.02783322357184564,
            "count": 10
        },
        "HeadMotion.Losses.PolicyLoss.sum": {
            "value": 0.11926191276870667,
            "min": 0.09546485388806711,
            "max": 0.13120482359081506,
            "count": 10
        },
        "HeadMotion.Losses.ValueLoss.mean": {
            "value": 23.94073762257894,
            "min": 17.765666580200197,
            "max": 37.78455472310384,
            "count": 10
        },
        "HeadMotion.Losses.ValueLoss.sum": {
            "value": 119.7036881128947,
            "min": 75.31972195307414,
            "max": 188.9227736155192,
            "count": 10
        },
        "HeadMotion.Policy.LearningRate.mean": {
            "value": 1.6749814416759995e-05,
            "min": 1.6749814416759995e-05,
            "max": 0.00028462215512594995,
            "count": 10
        },
        "HeadMotion.Policy.LearningRate.sum": {
            "value": 8.374907208379998e-05,
            "min": 8.374907208379998e-05,
            "max": 0.0012845658718114,
            "count": 10
        },
        "HeadMotion.Policy.Epsilon.mean": {
            "value": 0.10558324,
            "min": 0.10558324,
            "max": 0.19487405,
            "count": 10
        },
        "HeadMotion.Policy.Epsilon.sum": {
            "value": 0.5279162,
            "min": 0.5002996,
            "max": 0.9281886000000001,
            "count": 10
        },
        "HeadMotion.Policy.Beta.mean": {
            "value": 0.00028860367599999997,
            "min": 0.00028860367599999997,
            "max": 0.004744215095,
            "count": 10
        },
        "HeadMotion.Policy.Beta.sum": {
            "value": 0.00144301838,
            "min": 0.00144301838,
            "max": 0.02141661114,
            "count": 10
        },
        "HeadMotion.IsTraining.mean": {
            "value": 1.0,
            "min": 1.0,
            "max": 1.0,
            "count": 10
        },
        "HeadMotion.IsTraining.sum": {
            "value": 1.0,
            "min": 1.0,
            "max": 1.0,
            "count": 10
        }
    },
    "metadata": {
        "timer_format_version": "0.1.0",
        "start_time_seconds": "1620062956",
        "python_version": "3.7.5 (tags/v3.7.5:5c02a39a0b, Oct 15 2019, 00:11:34) [MSC v.1916 64 bit (AMD64)]",
        "command_line_arguments": "C:\\Users\\joemi\\Documents\\Unity Projects\\Dog Trainer\\dogtrainer\\venv\\Scripts\\mlagents-learn --initialize-from=HeadMotionP2_V2 --run-id=HeadMotionP2_V3",
        "mlagents_version": "0.26.0",
        "mlagents_envs_version": "0.26.0",
        "communication_protocol_version": "1.5.0",
        "pytorch_version": "1.7.1+cu110",
        "numpy_version": "1.20.2",
        "end_time_seconds": "1620063609"
    },
    "total": 652.4327345,
    "count": 1,
    "self": 0.00851230000000669,
    "children": {
        "run_training.setup": {
            "total": 0.08821790000000007,
            "count": 1,
            "self": 0.08821790000000007
        },
        "TrainerController.start_learning": {
            "total": 652.3360043,
            "count": 1,
            "self": 0.9310487000013836,
            "children": {
                "TrainerController._reset_env": {
                    "total": 48.182665400000005,
                    "count": 1,
                    "self": 48.182665400000005
                },
                "TrainerController.advance": {
                    "total": 603.1855986999986,
                    "count": 54169,
                    "self": 0.9539091999887432,
                    "children": {
                        "env_step": {
                            "total": 416.77516450000024,
                            "count": 54169,
                            "self": 367.18898740002834,
                            "children": {
                                "SubprocessEnvManager._take_step": {
                                    "total": 49.00245249998388,
                                    "count": 54169,
                                    "self": 2.2641449999922187,
                                    "children": {
                                        "TorchPolicy.evaluate": {
                                            "total": 46.73830749999166,
                                            "count": 41674,
                                            "self": 17.752081299992618,
                                            "children": {
                                                "TorchPolicy.sample_actions": {
                                                    "total": 28.986226199999045,
                                                    "count": 41674,
                                                    "self": 28.986226199999045
                                                }
                                            }
                                        }
                                    }
                                },
                                "workers": {
                                    "total": 0.5837245999880238,
                                    "count": 54169,
                                    "self": 0.0,
                                    "children": {
                                        "worker_root": {
                                            "total": 603.9668275999948,
                                            "count": 54169,